Focus area,Year,Total investment (in billions of U.S. dollars)
AI infrastructure/research/governance,2018,0.0288
AI infrastructure/research/governance,2019,0.224618114
AI infrastructure/research/governance,2020,1.061630005
AI infrastructure/research/governance,2021,0.491348985
AI infrastructure/research/governance,2022,0.121435142
AI infrastructure/research/governance,2023,10.40020055
AI infrastructure/research/governance,2024,37.27128627
AR/VR,2018,0.036674295
AR/VR,2019,0.17676974
AR/VR,2020,0.749337558
AR/VR,2021,0.887784891
AR/VR,2022,0.306968584
AR/VR,2023,0.666498457
AR/VR,2024,1.348963851
AV,2018,0.569479898
AV,2019,0.701030623
AV,2020,2.480000357
AV,2021,2.848868285
AV,2022,2.216105063
AV,2023,2.714477022
AV,2024,9.426366229
Agritech,2018,0.22983287
Agritech,2019,0.203509802
Agritech,2020,0.355709704
Agritech,2021,1.044489073
Agritech,2022,0.422454452
Agritech,2023,0.45532358
Agritech,2024,0.806693553
Business operations,2019,0.02269999
Business operations,2020,0.088360511
Business operations,2021,0.005637686
Business operations,2022,0.122699992
Business operations,2023,0.067700002
Business operations,2024,1.52401548
Content creation/translation,2018,0.004540948
Content creation/translation,2019,0.021132754
Content creation/translation,2020,0.045492604
Content creation/translation,2021,0.019161644
Content creation/translation,2022,0.110887209
Content creation/translation,2023,0.155338833
Content creation/translation,2024,0.756009446
"Creative, music, video content",2018,0.642429604
"Creative, music, video content",2019,0.672772411
"Creative, music, video content",2020,0.990410706
"Creative, music, video content",2021,3.416566459
"Creative, music, video content",2022,1.782759998
"Creative, music, video content",2023,1.318923138
"Creative, music, video content",2024,0.748473975
"Cybersecurity, data protection",2018,0.179897268
"Cybersecurity, data protection",2019,0.453713189
"Cybersecurity, data protection",2020,0.902353474
"Cybersecurity, data protection",2021,0.853451353
"Cybersecurity, data protection",2022,1.025907388
"Cybersecurity, data protection",2023,0.852195916
"Cybersecurity, data protection",2024,3.733714874
"Data management, processing",2018,1.108462743
"Data management, processing",2019,2.097260746
"Data management, processing",2020,2.225874574
"Data management, processing",2021,6.516718969
"Data management, processing",2022,4.911705532
"Data management, processing",2023,5.489236471
"Data management, processing",2024,16.58964939
Drones,2018,0.128502079
Drones,2019,0.176057925
Drones,2020,0.241573172
Drones,2021,2.201033302
Drones,2022,4.224564092
Drones,2023,0.956289845
Drones,2024,2.579738317
Ed tech,2018,2.583793796
Ed tech,2019,0.960497143
Ed tech,2020,2.371549854
Ed tech,2021,2.237837636
Ed tech,2022,1.527040838
Ed tech,2023,1.240451899
Ed tech,2024,0.965170712
"Energy, oil, and gas",2018,0.722973364
"Energy, oil, and gas",2019,0.764114479
"Energy, oil, and gas",2020,1.016164253
"Energy, oil, and gas",2021,3.68175987
"Energy, oil, and gas",2022,3.654375752
"Energy, oil, and gas",2023,1.466295478
"Energy, oil, and gas",2024,2.016833535
Fintech,2018,0.392277973
Fintech,2019,0.809782797
Fintech,2020,1.151205094
Fintech,2021,2.745706481
Fintech,2022,2.117779866
Fintech,2023,2.126519025
Fintech,2024,6.880099165
Insurtech,2018,0.137525263
Insurtech,2019,0.7332635
Insurtech,2020,0.601880145
Insurtech,2021,1.56608696
Insurtech,2022,1.356226169
Insurtech,2023,0.601308465
Insurtech,2024,1.356068185
IoT,2018,0.119813081
IoT,2019,0.058943391
IoT,2020,0.149486831
IoT,2021,0.263865644
IoT,2022,0.642624348
IoT,2023,0.068209405
IoT,2024,0.840282684
Manufacturing,2018,0.244718107
Manufacturing,2019,0.081667098
Manufacturing,2020,0.462494076
Manufacturing,2021,0.78004821
Manufacturing,2022,0.669665951
Manufacturing,2023,0.891634742
Manufacturing,2024,6.584892996
"Marketing, digital ads",2018,0.177443068
"Marketing, digital ads",2019,0.264057234
"Marketing, digital ads",2020,0.523529781
"Marketing, digital ads",2021,0.773365881
"Marketing, digital ads",2022,1.109443433
"Marketing, digital ads",2023,1.198622814
"Marketing, digital ads",2024,1.596854185
Medical and health care,2018,1.043354722
Medical and health care,2019,2.205863507
Medical and health care,2020,5.172568896
Medical and health care,2021,11.45933427
Medical and health care,2022,9.178438742
Medical and health care,2023,4.192175837
Medical and health care,2024,10.80499474
"NLP, customer support",2018,2.874490831
"NLP, customer support",2019,4.901589614
"NLP, customer support",2020,4.513729202
"NLP, customer support",2021,17.7648633
"NLP, customer support",2022,9.442342114
"NLP, customer support",2023,8.064986022
"NLP, customer support",2024,4.178247982
Quantum computing,2018,0.06642192
Quantum computing,2019,0.159026367
Quantum computing,2020,0.331591505
Quantum computing,2021,0.572572768
Quantum computing,2022,0.749425995
Quantum computing,2023,1.969307472
Quantum computing,2024,0.961302301
Retail,2018,0.155025541
Retail,2019,0.131421406
Retail,2020,0.607579586
Retail,2021,0.780097622
Retail,2022,0.94183731
Retail,2023,0.669304524
Retail,2024,1.171704249
Robotics,2018,0.017214811
Robotics,2019,0.00708
Robotics,2020,0.014999996
Robotics,2021,0.208353838
Robotics,2022,0.129999993
Robotics,2023,0.195583705
Robotics,2024,3.288515919
Semantic search,2018,0.022722128
Semantic search,2019,0.018099988
Semantic search,2020,0.004695265
Semantic search,2021,0.059683739
Semantic search,2022,0.192803573
Semantic search,2023,0.086799992
Semantic search,2024,1.428230479
Semiconductors,2018,0.291749929
Semiconductors,2019,0.613417934
Semiconductors,2020,1.616398947
Semiconductors,2021,2.227948334
Semiconductors,2022,2.648006164
Semiconductors,2023,1.663431119
Semiconductors,2024,5.527567999
Supply chain,2018,0.010299999
Supply chain,2019,0.132068529
Supply chain,2020,0.0035
Supply chain,2021,0.227769089
Supply chain,2022,0.112888312
Supply chain,2023,0.046867957
Supply chain,2024,1.396218192